urban_rural2,contrast,RR,RR_low,RR_high,n0,n1
Rural,Wet vs Dry,0.9735932747051017,0.9592742339059781,0.9881260551442155,113685,54174
Unknown,Wet vs Dry,1.1503267973856208,0.5649195147641887,2.342372154263103,66,27
Urban,Wet vs Dry,1.0865727952607778,1.0708986989583673,1.1024763038270524,266435,85697
